{
    "param": "scale",
    "result": {
        "1": 0.47215709165206576,
        "2": 0.4743558029269109,
        "3": 0.4752198164224585,
        "4": 0.47388200484309045,
        "5": 0.47482209682320764,
        "6": 0.4738232033621395
    }
}